{"cameraMode":{"drawMode":0,"name":"Shaded","section":"Shading Mode"},"sceneLighting":false,"audioPlay":false,"sceneViewState":{"showFog":false,"showMaterialUpdate":false,"showSkybox":false,"showFlares":false,"showImageEffects":false,"showParticleSystems":false},"in2DMode":false,"pivot":{"x":-4.943358421325684,"y":14.119085311889649,"z":-1.0},"rotation":{"x":0.08270230889320374,"y":0.14506912231445313,"z":0.012169649824500084,"w":-0.985884964466095},"size":2.8578836917877199,"orthographic":false}