{"cameraMode":{"drawMode":0,"name":"Shaded","section":"Shading Mode"},"sceneLighting":false,"audioPlay":false,"sceneViewState":{"showFog":false,"showMaterialUpdate":false,"showSkybox":false,"showFlares":false,"showImageEffects":false,"showParticleSystems":false},"in2DMode":false,"pivot":{"x":2.6674342155456545,"y":14.01587200164795,"z":-0.5},"rotation":{"x":0.0008914842619560659,"y":-0.6623139977455139,"z":-0.0007887998945079744,"w":-0.7492274045944214},"size":2.8578836917877199,"orthographic":false}