{"cameraMode":{"drawMode":0,"name":"Shaded","section":"Shading Mode"},"sceneLighting":false,"audioPlay":false,"sceneViewState":{"showFog":false,"showMaterialUpdate":false,"showSkybox":false,"showFlares":false,"showImageEffects":false,"showParticleSystems":false},"in2DMode":false,"pivot":{"x":-8.781691551208496,"y":14.444788932800293,"z":0.0},"rotation":{"x":-0.10426507890224457,"y":0.45118796825408938,"z":-0.053172867745161059,"w":-0.8847216367721558},"size":2.8578836917877199,"orthographic":false}