{"cameraMode":{"drawMode":0,"name":"Shaded","section":"Shading Mode"},"sceneLighting":false,"audioPlay":false,"sceneViewState":{"showFog":false,"showMaterialUpdate":false,"showSkybox":false,"showFlares":false,"showImageEffects":false,"showParticleSystems":false},"in2DMode":false,"pivot":{"x":-15.359548568725586,"y":14.635151863098145,"z":-0.5},"rotation":{"x":-0.10426507890224457,"y":0.45118796825408938,"z":-0.053172867745161059,"w":-0.8847216367721558},"size":4.041658401489258,"orthographic":false}